id,city,country_id,lat,lng,population,,country,,,,,,,,,,,,,,,,,,
8,Tehran,80,35.7,51.4167,13633000,,Iran,,,,,,,,,,,,,,,,,,
9,Tashkent,191,41.3,69.2667,2424100,,Uzbekistan,,,,,,,,,,,,,,,,,,
10,Sanaa,195,15.35,44.2,2957000,,Yemen,,,,,,,,,,,,,,,,,,
11,Phnom Penh,31,11.5696,104.921,2129371,,Cambodia,,,,,,,,,,,,,,,,,,
12,Naypyidaw,120,19.7540045,96.1344976,#N/A,,Myanmar,,,,,,,,,,,,,,,,,,
13,Muscat,132,23.6139,58.5922,1421409,,Oman,,,,,,,,,,,,,,,,,,
14,Manila,140,14.5958,120.9772,23088000,,Philippines,,,,,,,,,,,,,,,,,,
15,Male,106,4.175,73.5083,133019,,Maldives,,,,,,,,,,,,,,,,,,
16,Lhasa,37,29.65,91.1,902500,,China,,,,,,,,,,,,,,,,,,
17,Kuwait City,92,29.375,47.98,637411,,Kuwait,,,,,,,,,,,,,,,,,,
18,Kathmandu,123,27.7167,85.3667,975453,,Nepal,,,,,,,,,,,,,,,,,,
19,Kabul,1,34.5328,69.1658,3678034,,Afghanistan,,,,,,,,,,,,,,,,,,
20,Islamabad,133,33.6989,73.0369,1365000,,Pakistan,,,,,,,,,,,,,,,,,,
21,Dushanbe,174,38.5731,68.7864,780000,,Tajikistan,,,,,,,,,,,,,,,,,,
22,Doha,143,25.3,51.5333,1312947,,Qatar,,,,,,,,,,,,,,,,,,
23,Dhaka,14,23.7161,90.3961,15443000,,Bangladesh,,,,,,,,,,,,,,,,,,
24,Colombo,167,6.9167,79.8333,752993,,Sri Lanka,,,,,,,,,,,,,,,,,,
25,Bishkek,93,42.8667,74.5667,1027200,,Kyrgyzstan,,,,,,,,,,,,,,,,,,
26,Beirut,96,33.8869,35.5131,361366,,Lebanon,,,,,,,,,,,,,,,,,,
27,Bandar Seri Begawan,25,4.9167,114.9167,50000,,Brunei,,,,,,,,,,,,,,,,,,
28,Baghdad,81,33.35,44.4167,5796000,,Iraq,,,,,,,,,,,,,,,,,,
29,Astana,88,51.1333,71.4333,1078362,,Kazakhstan,,,,,,,,,,,,,,,,,,
30,Ashgabat,183,37.95,58.3833,1031992,,Turkmenistan,,,,,,,,,,,,,,,,,,
31,Amman,87,31.95,35.9333,4007526,,Jordan,,,,,,,,,,,,,,,,,,
32,Manama,13,26.2167,50.5831,157474,,Bahrain,,,,,,,,,,,,,,,,,,
33,Tbilisi,64,41.7225,44.7925,1118035,,Georgia,,,,,,,,,,,,,,,,,,
34,Baku,11,40.3667,49.8352,2181800,,Azerbaijan,,,,,,,,,,,,,,,,,,
35,Yerevan,8,40.1814,44.5144,1075800,,Armenia,,,,,,,,,,,,,,,,,,
36,Honolulu,189,21.3294,-157.846,820987,HI,USA,,,,,,,,,,,,,,,,,,
37,San Francisco,189,37.7562,-122.443,3592294,CA,USA,,,,,,,,,,,,,,,,,,
38,Orlando,189,28.4772,-81.3369,1822394,FL,USA,,,,,,,,,,,,,,,,,,
39,Las Vegas,189,36.2333,-115.2654,2104198,CA,USA,,,,,,,,,,,,,,,,,,
40,Los Angeles,189,34.1139,-118.4068,12750807,CA,USA,,,,,,,,,,,,,,,,,,
41,Miami,189,25.7839,-80.2102,6445545,FL,USA,,,,,,,,,,,,,,,,,,
42,New York,189,40.6943,-73.9249,18713220,NY,USA,,,,,,,,,,,,,,,,,,
43,Johannesburg,163,-26.2044,28.0416,4434827,,South Africa,,,,,,,,,,,,,,,,,,
44,Dammam,153,26.4333,50.1,903312,,Saudi Arabia,,,,,,,,,,,,,,,,,,
45,Riyadh,153,24.65,46.71,6881000,,Saudi Arabia,,,,,,,,,,,,,,,,,,
47,Cancun,112,21.1617854,-86.8510468,#N/A,,Mexico,,,,,,,,,,,,,,,,,,
48,Fukuoka,86,33.5903,130.4019,2128000,,Japan,,,,,,,,,,,,,,,,,,
49,Chiba,86,35.6,140.1,980203,,Japan,,,,,,,,,,,,,,,,,,
50,Kyoto,86,35.0111,135.7669,1805000,,Japan,,,,,,,,,,,,,,,,,,
51,Osaka,86,34.6936,135.5019,14977000,,Japan,,,,,,,,,,,,,,,,,,
52,Jerusalem,83,31.7833,35.2167,919438,,Israel,,,,,,,,,,,,,,,,,,
53,Batam,79,1.1061034,104.0378246,#N/A,,Indonesia,,,,,,,,,,,,,,,,,,
55,Kolkatta,78,22.5411,88.3378,17560000,,India,,,,,,,,,,,,,,,,,,
56,Jaipur,78,26.9167,75.8667,3073350,,India,,,,,,,,,,,,,,,,,,
57,Chennai,78,13.0825,80.275,11324000,,India,,,,,,,,,,,,,,,,,,
58,Hurgada,52,27.222556,33.8307062,#N/A,,Egypt,,,,,,,,,,,,,,,,,,
59,Beijing,37,39.905,116.3914,19433000,,China,,,,,,,,,,,,,,,,,,
60,Zhuhai,37,22.2769,113.5678,1562000,,China,,,,,,,,,,,,,,,,,,
61,Guilin,37,25.2667,110.2833,4747963,,China,,,,,,,,,,,,,,,,,,
62,Vancouver,33,49.25,-123.1,2264823,British Columbia,Canada,,,,,,,,,,,,,,,,,,
63,Toronto,33,43.7417,-79.3733,5429524,Ontario,Canada,,,,,,,,,,,,,,,,,,
64,Rio de Janeiro,24,-22.9083,-43.1964,12272000,,Brazil,,,,,,,,,,,,,,,,,,
65,Buenos Aires,7,-34.5997,-58.3819,16157000,,Argentina,,,,,,,,,,,,,,,,,,
66,Bangalore,78,12.9699,77.598,13707000,,India,,,,,,,,,,,,,,,,,,
67,Krabi,176,8.0592,98.9189,30499,,Thailand,,,,,,,,,,,,,,,,,,
68,Jeju,164,33.5097,126.5219,435413,,South Korea,,,,,,,,,,,,,,,,,,
69,Abu Dhabi,187,24.4781,54.3686,1000000,,United Arab Emirates,,,,,,,,,,,,,,,,,,
70,Auckland,125,-36.85,174.7833,1467800,,New Zealand,,,,,,,,,,,,,,,,,,
71,Cebu,140,10.3,123.9,922611,,Philippines,,,,,,,,,,,,,,,,,,
72,Sydney,9,-33.865,151.2094,5312163,,Australia,,,,,,,,,,,,,,,,,,
73,Melbourne,9,-37.8136,144.9631,5078193,,Australia,,,,,,,,,,,,,,,,,,
74,Marrakech,118,31.6295,-7.9811,928850,,Morocco,,,,,,,,,,,,,,,,,,
75,Penang Island,105,5.3787924,100.250172,#N/A,,Malaysia,,,,,,,,,,,,,,,,,,
76,Jakarta,79,-6.2146,106.8451,34540000,,Indonesia,,,,,,,,,,,,,,,,,,
77,Ha Noi,194,21.0294498,105.8544441,#N/A,,Vietnam,,,,,,,,,,,,,,,,,,
78,Cairo,52,30.0561,31.2394,19372000,,Egypt,,,,,,,,,,,,,,,,,,
79,Johor Bahru,105,1.4556,103.7611,497097,,Malaysia,,,,,,,,,,,,,,,,,,
80,Denpasar,79,-8.6667,115.2167,834881,,Indonesia,,,,,,,,,,,,,,,,,,
81,Ho Chi Minh,194,10.7758439,106.7017555,#N/A,,Vietnam,,,,,,,,,,,,,,,,,,
82,Shanghai,37,31.1667,121.4667,22120000,,China,,,,,,,,,,,,,,,,,,
83,Seoul,164,37.5833,127,21794000,,South Korea,,,,,,,,,,,,,,,,,,
84,Medina,153,24.4667,39.6,1180770,,Saudi Arabia,,,,,,,,,,,,,,,,,,
85,Guangzhou,37,23.1288,113.259,20902000,,China,,,,,,,,,,,,,,,,,,
86,Mecca,153,21.4225,39.8261,1700000,,Saudi Arabia,,,,,,,,,,,,,,,,,,
87,Taipei,173,25.0478,121.5319,2684567,,Taiwan,,,,,,,,,,,,,,,,,,
88,Pattaya,176,12.931941,100.9009534,#N/A,,Thailand,,,,,,,,,,,,,,,,,,
89,Tokyo,86,35.6897,139.6922,37977000,,Japan,,,,,,,,,,,,,,,,,,
90,Phuket,176,7.8881,98.3975,77610,,Thailand,,,,,,,,,,,,,,,,,,
91,Mumbai,78,18.9667,72.8333,23355000,,India,,,,,,,,,,,,,,,,,,
92,Shenzhen,37,22.535,114.054,15929000,,China,,,,,,,,,,,,,,,,,,
93,Delhi,78,28.66,77.23,29617000,,India,,,,,,,,,,,,,,,,,,
94,Kuala Lumpur,105,3.1478,101.6953,8285000,,Malaysia,,,,,,,,,,,,,,,,,,
95,Dubai,187,25.2697,55.3094,2502715,,United Arab Emirates,,,,,,,,,,,,,,,,,,
96,Singapore,158,1.3,103.8,5745000,,Singapore,,,,,,,,,,,,,,,,,,
97,Macau,37,22.203,113.545,568700,,China,,,,,,,,,,,,,,,,,,
98,Bangkok,176,13.75,100.5167,17066000,,Thailand,,,,,,,,,,,,,,,,,,
99,Hong Kong,37,22.305,114.185,7347000,,China,,,,,,,,,,,,,,,,,,
100,Antwerp,17,51.2211,4.3997,529247,,Belgium,,,,,,,,,,,,,,,,,,
101,Aberdeen,188,57.15,-2.11,214610,,United Kingdom,,,,,,,,,,,,,,,,,,
102,Augsburg,65,48.3717,10.8983,295135,,Germany,,,,,,,,,,,,,,,,,,
103,Alexandroupolis,67,40.85,25.8667,57812,,Greece,,,,,,,,,,,,,,,,,,
104,Athens,67,37.9794,23.7161,664046,,Greece,,,,,,,,,,,,,,,,,,
105,Alicante,166,38.3453,-0.4831,334887,,Spain,,,,,,,,,,,,,,,,,,
106,Almeria,166,36.8414197,-2.4628135,#N/A,,Spain,,,,,,,,,,,,,,,,,,
107,Aalborg,47,57.0337,9.9166,122219,,Denmark,,,,,,,,,,,,,,,,,,
108,Aarhus,47,56.1572,10.2107,237551,,Denmark,,,,,,,,,,,,,,,,,,
109,Ancona,84,43.6167,13.5167,100721,,Italy,,,,,,,,,,,,,,,,,,
110,Aosta,84,45.737,7.315,34062,,Italy,,,,,,,,,,,,,,,,,,
111,Amsterdam,124,52.35,4.9166,1031000,,Netherlands,,,,,,,,,,,,,,,,,,
112,Alanya,182,36.5436,31.9997,312319,,Turkey,,,,,,,,,,,,,,,,,,
113,Ankara,182,39.93,32.85,5503985,,Turkey,,,,,,,,,,,,,,,,,,
114,Antalya,182,36.9081,30.6956,2426356,,Turkey,,,,,,,,,,,,,,,,,,
115,Altenrhein,171,47.4903839,9.5540541,#N/A,,Switzerland,,,,,,,,,,,,,,,,,,
116,Brussels,17,50.8467,4.3517,185103,,Belgium,,,,,,,,,,,,,,,,,,
117,Burgas,26,42.5,27.4667,226868,,Bulgaria,,,,,,,,,,,,,,,,,,
118,Banja Luka,22,44.7667,17.1833,199191,,Bosnia and Herzegovina,,,,,,,,,,,,,,,,,,
119,Belfast,188,54.5964,-5.93,333871,,United Kingdom,,,,,,,,,,,,,,,,,,
120,Birmingham,188,52.48,-1.9025,2897303,,United Kingdom,,,,,,,,,,,,,,,,,,
121,Bournemouth,188,50.72,-1.88,183491,,United Kingdom,,,,,,,,,,,,,,,,,,
122,Bristol,188,51.45,-2.5833,724000,,United Kingdom,,,,,,,,,,,,,,,,,,
123,Budapest,76,47.4983,19.0408,1752286,,Hungary,,,,,,,,,,,,,,,,,,
124,Berlin,65,52.5167,13.3833,3644826,,Germany,,,,,,,,,,,,,,,,,,
126,Bremen,65,53.1153,8.7975,724909,,Germany,,,,,,,,,,,,,,,,,,
127,Billund,47,55.7309428,9.1159357,#N/A,,Denmark,,,,,,,,,,,,,,,,,,
128,Barcelona,166,41.3825,2.1769,4588000,,Spain,,,,,,,,,,,,,,,,,,
129,Bilbao,166,43.2622,-2.9533,346843,,Spain,,,,,,,,,,,,,,,,,,
130,Bologna,84,44.4939,11.3428,388367,,Italy,,,,,,,,,,,,,,,,,,
131,Bergen,131,60.3925,5.3233,257087,,Norway,,,,,,,,,,,,,,,,,,
132,Bodo,131,67.2827,14.3751,41720,,Norway,,,,,,,,,,,,,,,,,,
134,Bucharest,144,44.4,26.0833,1883425,,Romania,,,,,,,,,,,,,,,,,,
135,Belgrade,155,44.8167,20.4667,1378682,,Serbia,,,,,,,,,,,,,,,,,,
136,Bratislava,159,48.1447,17.1128,429564,,Slovakia,,,,,,,,,,,,,,,,,,
137,Bordeaux,61,44.84,-0.58,257804,,France,,,,,,,,,,,,,,,,,,
139,Brno,45,49.1953,16.6083,381346,,Czech Republic,,,,,,,,,,,,,,,,,,
140,Basel,171,47.5606,7.5906,177595,,Switzerland,,,,,,,,,,,,,,,,,,
141,Bern,171,46.948,7.4474,133798,,Switzerland,,,,,,,,,,,,,,,,,,
142,Cardiff,188,51.4816546,-3.1791934,#N/A,,United Kingdom,,,,,,,,,,,,,,,,,,
143,Cambridge,188,43.3972,-80.3114,129920,,United Kingdom,,,,,,,,,,,,,,,,,,
144,Coventry,188,52.4081,-1.5106,362690,,United Kingdom,,,,,,,,,,,,,,,,,,
145,Cologne,65,50.9422,6.9578,1085664,,Germany,,,,,,,,,,,,,,,,,,
146,Corfu,67,39.591337,19.8596189,#N/A,,Greece,,,,,,,,,,,,,,,,,,
147,Copenhagen,47,55.6786,12.5635,1085000,,Denmark,,,,,,,,,,,,,,,,,,
150,Cork,82,51.9,-8.4731,208669,,Ireland,,,,,,,,,,,,,,,,,,
151,Cagliari,84,39.2224,9.104,291511,,Italy,,,,,,,,,,,,,,,,,,
152,Catania,84,37.5027,15.0873,311584,,Italy,,,,,,,,,,,,,,,,,,
153,Cluj-Napoca,144,46.78,23.5594,324576,,Romania,,,,,,,,,,,,,,,,,,
154,Clermont-Ferrand,61,45.7831,3.0824,143886,,France,,,,,,,,,,,,,,,,,,
155,Chambery-Savoie,61,45.57,5.9118,58919,,France,,,,,,,,,,,,,,,,,,
156,Cherbourg,61,49.6504,-1.65,60991,,France,,,,,,,,,,,,,,,,,,
158,Doncaster,188,53.515,-1.133,109805,,United Kingdom,,,,,,,,,,,,,,,,,,
159,Dortmund,65,51.5139,7.4653,587010,,Germany,,,,,,,,,,,,,,,,,,
160,Dresden,65,51.0493,13.7384,555805,,Germany,,,,,,,,,,,,,,,,,,
161,Duesseldorf,65,51.2254018,6.7763137,#N/A,,Germany,,,,,,,,,,,,,,,,,,
162,Dublin,82,53.3425,-6.2658,1173179,,Ireland,,,,,,,,,,,,,,,,,,
163,Dalaman,182,36.8125748,28.8831401,#N/A,,Turkey,,,,,,,,,,,,,,,,,,
164,Dubrovnik,42,42.6403,18.1083,42615,,Croatia,,,,,,,,,,,,,,,,,,
165,East Midlands,188,52.7965611,-0.6717948,#N/A,,United Kingdom,,,,,,,,,,,,,,,,,,
166,Edinburgh,188,55.953,-3.189,488050,,United Kingdom,,,,,,,,,,,,,,,,,,
167,Exeter,188,50.7167,-3.5333,124180,,United Kingdom,,,,,,,,,,,,,,,,,,
169,Esbjerg,47,55.467,8.45,72205,,Denmark,,,,,,,,,,,,,,,,,,
171,Eilat,83,29.5569348,34.9497949,#N/A,,Israel,,,,,,,,,,,,,,,,,,
172,Eindhoven,124,51.43,5.5,398053,,Netherlands,,,,,,,,,,,,,,,,,,
174,Frankfurt,65,50.1136,8.6797,753056,,Germany,,,,,,,,,,,,,,,,,,
175,Friedrichshafen,65,47.6542,9.4792,60865,,Germany,,,,,,,,,,,,,,,,,,
176,Fuerteventura,166,28.4003769,-14.0048697,#N/A,,Spain,,,,,,,,,,,,,,,,,,
177,Florence,84,43.7714,11.2542,382258,,Italy,,,,,,,,,,,,,,,,,,
178,Floro,131,61.5986,5.0172,8925,,Norway,,,,,,,,,,,,,,,,,,
179,Faro,142,37.0167,-7.9333,64560,,Portugal,,,,,,,,,,,,,,,,,,
180,Funchal,142,32.65,-16.9167,111892,,Portugal,,,,,,,,,,,,,,,,,,
181,Graz,10,47.0667,15.4333,289440,,Austria,,,,,,,,,,,,,,,,,,
182,Gorna Oryahovitsa,26,43.1222,25.6897,35031,,Bulgaria,,,,,,,,,,,,,,,,,,
183,Guernsey,188,57.1669969,-7.374733,#N/A,,United Kingdom,,,,,,,,,,,,,,,,,,
184,Glasgow,188,55.8609,-4.2514,985290,,United Kingdom,,,,,,,,,,,,,,,,,,
185,Gloucestershire,188,51.7643786,-2.1880662,#N/A,,United Kingdom,,,,,,,,,,,,,,,,,,
186,Granada,166,37.1781,-3.6008,232462,,Spain,,,,,,,,,,,,,,,,,,
187,Girona,166,41.9833,2.8167,101852,,Spain,,,,,,,,,,,,,,,,,,
188,Galway,82,53.2729,-9.0418,79504,,Ireland,,,,,,,,,,,,,,,,,,
189,Genoa,84,44.4072,8.934,580097,,Italy,,,,,,,,,,,,,,,,,,
190,Groningen,124,53.2204,6.58,216688,,Netherlands,,,,,,,,,,,,,,,,,,
191,Gdansk,141,54.3667,18.6333,464254,,Poland,,,,,,,,,,,,,,,,,,
192,Geneva,171,46.2,6.15,201818,,Switzerland,,,,,,,,,,,,,,,,,,
193,Gothenburg,170,57.6717,11.981,600473,,Sweden,,,,,,,,,,,,,,,,,,
194,Humberside,188,53.5713963,-0.3534607,#N/A,,United Kingdom,,,,,,,,,,,,,,,,,,
196,Hamburg,65,53.55,10,1841179,,Germany,,,,,,,,,,,,,,,,,,
197,Hannover,65,52.3744,9.7386,538068,,Germany,,,,,,,,,,,,,,,,,,
200,Heraklion,67,35.3400127,25.1343475,#N/A,,Greece,,,,,,,,,,,,,,,,,,
201,Helsinki,60,60.1756,24.9342,642045,,Finland,,,,,,,,,,,,,,,,,,
202,Innsbruck,10,47.2683,11.3933,132493,,Austria,,,,,,,,,,,,,,,,,,
203,Inverness,188,57.4781,-4.2233,70000,,United Kingdom,,,,,,,,,,,,,,,,,,
204,Debrecen,76,47.53,21.6392,201432,,Hungary,,,,,,,,,,,,,,,,,,
205,Ibiza,166,38.9089,1.4328,49783,,Spain,,,,,,,,,,,,,,,,,,
206,Izmir,182,38.4147331,27.1434119,#N/A,,Turkey,,,,,,,,,,,,,,,,,,
207,Istanbul,182,41.01,28.9603,15154000,,Turkey,,,,,,,,,,,,,,,,,,
208,Jonkoping,170,57.7825634,14.165719,#N/A,,Sweden,,,,,,,,,,,,,,,,,,
209,Klagenfurt,10,46.6167,14.3,101403,,Austria,,,,,,,,,,,,,,,,,,
210,Karlsruhe,65,49.0167,8.4,313092,,Germany,,,,,,,,,,,,,,,,,,
211,Kortrijk,17,50.8276429,3.2659884,#N/A,,Belgium,,,,,,,,,,,,,,,,,,
212,Kaunas,101,54.9,23.9333,288466,,Lithuania,,,,,,,,,,,,,,,,,,
213,Katowice,141,50.25,19,276499,,Poland,,,,,,,,,,,,,,,,,,
214,Krakow,141,50.0614,19.9372,766739,,Poland,,,,,,,,,,,,,,,,,,
215,Kosice,159,48.7172272,21.2496774,#N/A,,Slovakia,,,,,,,,,,,,,,,,,,
216,Karlovy Vary,45,50.2306,12.8725,48479,,Czech Republic,,,,,,,,,,,,,,,,,,
217,Karlstad,170,59.3671,13.4999,74141,,Sweden,,,,,,,,,,,,,,,,,,
218,Kuressaare,56,58.2533,22.4861,13097,,Estonia,,,,,,,,,,,,,,,,,,
219,Linz,10,48.3,14.2833,204846,,Austria,,,,,,,,,,,,,,,,,,
220,Liege,17,50.625,5.5907,197885,,Belgium,,,,,,,,,,,,,,,,,,
221,Land's End,188,50.0662633,-5.7148222,#N/A,,United Kingdom,,,,,,,,,,,,,,,,,,
222,Liverpool,188,53.4,-2.9833,864122,,United Kingdom,,,,,,,,,,,,,,,,,,
223,Lydd,188,50.9509,0.9064,6567,,United Kingdom,,,,,,,,,,,,,,,,,,
224,Leeds,188,53.7997,-1.5492,1901934,,United Kingdom,,,,,,,,,,,,,,,,,,
225,London,188,51.5072,-0.1275,10979000,,United Kingdom,,,,,,,,,,,,,,,,,,
226,Luebeck,65,53.866444,10.684738,#N/A,,Germany,,,,,,,,,,,,,,,,,,
227,Lanzarote,166,29.013,-13.634,#N/A,,Spain,,,,,,,,,,,,,,,,,,
228,Las Palmas de Gran Canaria,166,28.09973,-15.41343,#N/A,,Spain,,,,,,,,,,,,,,,,,,
230,Lamezia Terme,84,38.9645069,16.3021451,#N/A,,Italy,,,,,,,,,,,,,,,,,,
231,Larnaca,44,34.9233,33.6305,48947,,Cyprus,,,,,,,,,,,,,,,,,,
232,Liepaja,95,56.5083,21.0111,69443,,Latvia,,,,,,,,,,,,,,,,,,
233,Luxembourg,102,49.6106,6.1328,122273,,Luxembourg,,,,,,,,,,,,,,,,,,
235,Lisbon,142,38.7452,-9.1604,506654,,Portugal,,,,,,,,,,,,,,,,,,
236,Ljubljana,160,46.05,14.5167,284355,,Slovenia,,,,,,,,,,,,,,,,,,
237,Lappeenranta,60,61.0583,28.1861,72875,,Finland,,,,,,,,,,,,,,,,,,
238,Le Touquet,61,43.8661271,0.3045809,#N/A,,France,,,,,,,,,,,,,,,,,,
239,Lille,61,50.6278,3.0583,232787,,France,,,,,,,,,,,,,,,,,,
240,Lyon,61,45.76,4.84,516092,,France,,,,,,,,,,,,,,,,,,
241,Lugano,171,46.0103,8.9625,63185,,Switzerland,,,,,,,,,,,,,,,,,,
242,Lulea,170,65.5831187,22.1459535,#N/A,,Sweden,,,,,,,,,,,,,,,,,,
243,Manchester,188,53.4794,-2.2453,2705000,,United Kingdom,,,,,,,,,,,,,,,,,,
244,Mannheim,65,49.4878,8.4661,309370,,Germany,,,,,,,,,,,,,,,,,,
245,Memmingen,65,47.9878,10.1811,43837,,Germany,,,,,,,,,,,,,,,,,,
246,Muenster,65,51.9625101,7.6251879,#N/A,,Germany,,,,,,,,,,,,,,,,,,
247,Munich,65,48.1372,11.5755,1471508,,Germany,,,,,,,,,,,,,,,,,,
248,Madrid,166,40.4189,-3.6919,3266126,,Spain,,,,,,,,,,,,,,,,,,
249,Malaga,166,36.7213028,-4.4216366,#N/A,,Spain,,,,,,,,,,,,,,,,,,
250,Mahon,82,51.8922026,-8.4042476,#N/A,,Ireland,,,,,,,,,,,,,,,,,,
251,Murcia,166,37.9866,-1.1415,406807,,Spain,,,,,,,,,,,,,,,,,,
252,Milan,84,45.4669,9.19,1351562,,Italy,,,,,,,,,,,,,,,,,,
253,Malta,108,42.9853,-73.7879,15620,,Malta,,,,,,,,,,,,,,,,,,
254,Monte Carlo,115,43.7402961,7.426559,#N/A,,Monaco,,,,,,,,,,,,,,,,,,
255,Maastricht,124,50.853,5.677,122378,,Netherlands,,,,,,,,,,,,,,,,,,
257,Milas,182,37.2745504,27.8085702,#N/A,,Turkey,,,,,,,,,,,,,,,,,,
259,Marseille,61,43.2964,5.37,870018,,France,,,,,,,,,,,,,,,,,,
260,Metz,61,49.1203,6.1778,391187,,France,,,,,,,,,,,,,,,,,,
261,Montpellier,61,43.6119,3.8772,607896,,France,,,,,,,,,,,,,,,,,,
262,Malmo,170,55.6052931,13.0001566,#N/A,,Sweden,,,,,,,,,,,,,,,,,,
263,Norwich,188,52.63,1.297,213166,,United Kingdom,,,,,,,,,,,,,,,,,,
264,Newcastle,188,55.0077,-1.6578,1650000,,United Kingdom,,,,,,,,,,,,,,,,,,
265,Newquay,188,50.412,-5.0757,20342,,United Kingdom,,,,,,,,,,,,,,,,,,
266,Nuremberg,65,49.4528,11.0778,518365,,Germany,,,,,,,,,,,,,,,,,,
267,Naples,84,40.8333,14.25,972212,,Italy,,,,,,,,,,,,,,,,,,
268,Constanta,144,44.1733,28.6383,283872,,Romania,,,,,,,,,,,,,,,,,,
269,Nantes,61,47.2181,-1.5528,633690,,France,,,,,,,,,,,,,,,,,,
270,Nice,61,43.7034,7.2663,1006402,,France,,,,,,,,,,,,,,,,,,
271,Norrkoping,170,58.5909124,16.1903511,#N/A,,Sweden,,,,,,,,,,,,,,,,,,
272,Ostend,17,51.2258565,2.919496,#N/A,,Belgium,,,,,,,,,,,,,,,,,,
273,Alderney,188,49.72837,-2.2254277,#N/A,,United Kingdom,,,,,,,,,,,,,,,,,,
274,Oviedo,166,43.3634,-5.8423,189434,,Spain,,,,,,,,,,,,,,,,,,
275,Olbia,84,40.9143,9.5151,45366,,Italy,,,,,,,,,,,,,,,,,,
276,Ohrid,130,41.1169,20.8019,55749,,North Macedonia,,,,,,,,,,,,,,,,,,
277,Oslo,131,59.9111,10.7528,693494,,Norway,,,,,,,,,,,,,,,,,,
279,Ostrava,45,49.8356,18.2925,287968,,Czech Republic,,,,,,,,,,,,,,,,,,
280,Plovdiv,26,42.1433,24.7489,384088,,Bulgaria,,,,,,,,,,,,,,,,,,
281,Plymouth,188,50.3714,-4.1422,267918,,United Kingdom,,,,,,,,,,,,,,,,,,
282,Paderborn,65,51.7167,8.7667,150580,,Germany,,,,,,,,,,,,,,,,,,
283,Rostock,65,54.0833,12.1333,208886,,Germany,,,,,,,,,,,,,,,,,,
284,Palma Majorca,166,39.568631,2.6482482,#N/A,,Spain,,,,,,,,,,,,,,,,,,
285,Palermo,84,38.1157,13.3613,674435,,Italy,,,,,,,,,,,,,,,,,,
286,Pescara,84,42.4643,14.2142,120286,,Italy,,,,,,,,,,,,,,,,,,
287,Pisa,84,43.7167,10.4,89745,,Italy,,,,,,,,,,,,,,,,,,
288,Paphos,44,34.7761,32.4265,35961,,Cyprus,,,,,,,,,,,,,,,,,,
289,Palanga,101,55.9167,21.0639,15381,,Lithuania,,,,,,,,,,,,,,,,,,
290,Ponta Delgada,142,37.74,-25.67,68809,,Portugal,,,,,,,,,,,,,,,,,,
291,Porto,142,41.1495,-8.6108,237591,,Portugal,,,,,,,,,,,,,,,,,,
292,Poprad,159,49.05,20.3,52037,,Slovakia,,,,,,,,,,,,,,,,,,
293,Paris,61,48.8566,2.3522,11020000,,France,,,,,,,,,,,,,,,,,,
294,Pula,42,44.8667,13.8333,57053,,Croatia,,,,,,,,,,,,,,,,,,
295,Podgorica,117,42.4397,19.2661,174515,,Montenegro,,,,,,,,,,,,,,,,,,
296,Pardubice,45,50.0386,15.7792,91727,,Czech Republic,,,,,,,,,,,,,,,,,,
297,Prague,45,50.0833,14.4167,1324277,,Czech Republic,,,,,,,,,,,,,,,,,,
298,Parnu,56,58.3844,24.4989,39438,,Estonia,,,,,,,,,,,,,,,,,,
299,Rhodes,67,36.4412,28.2225,56969,,Greece,,,,,,,,,,,,,,,,,,
300,Reykjavik,77,64.145981,-21.9422367,#N/A,,Iceland,,,,,,,,,,,,,,,,,,
301,Reus,166,41.1555564,1.1076133,#N/A,,Spain,,,,,,,,,,,,,,,,,,
302,Rijeka,42,45.3297,14.4322,128624,,Croatia,,,,,,,,,,,,,,,,,,
303,Rome,84,41.8931,12.4828,2872800,,Italy,,,,,,,,,,,,,,,,,,
304,Rimini,84,44.0594,12.5683,149403,,Italy,,,,,,,,,,,,,,,,,,
305,Riga,95,56.9475,24.1069,698529,,Latvia,,,,,,,,,,,,,,,,,,
306,Rotterdam,124,51.92,4.48,1005000,,Netherlands,,,,,,,,,,,,,,,,,,
307,Ronneby,170,56.3,15.283333,#N/A,,Sweden,,,,,,,,,,,,,,,,,,
308,Salzburg,10,47.7972,13.0477,154076,,Austria,,,,,,,,,,,,,,,,,,
309,Sofia,26,42.6975,23.3241,1355142,,Bulgaria,,,,,,,,,,,,,,,,,,
310,Sarajevo,22,43.8667,18.4167,275524,,Bosnia and Herzegovina,,,,,,,,,,,,,,,,,,
311,Southampton,188,50.9,-1.4,855569,,United Kingdom,,,,,,,,,,,,,,,,,,
312,Swansea,188,41.7571,-71.212,16462,,United Kingdom,,,,,,,,,,,,,,,,,,
313,Shoreham,188,50.8322307,-0.2746717,#N/A,,United Kingdom,,,,,,,,,,,,,,,,,,
314,Poznan,141,52.4,16.9167,538633,,Poland,,,,,,,,,,,,,,,,,,
315,Saarbruecken,65,49.234362,6.996379,#N/A,,Germany,,,,,,,,,,,,,,,,,,
316,Stuttgart,65,48.7761,9.1775,634830,,Germany,,,,,,,,,,,,,,,,,,
317,Santorini,67,36.4071112,25.4566637,#N/A,,Greece,,,,,,,,,,,,,,,,,,
318,Shannon,82,52.7137,-8.8686,8781,,Ireland,,,,,,,,,,,,,,,,,,
319,Salamanca,166,20.5703,-101.1972,260759,,Spain,,,,,,,,,,,,,,,,,,
320,Santiago de Compostela,166,42.8805,-8.5457,92430,,Spain,,,,,,,,,,,,,,,,,,
321,Sevilla,166,37.3828,-5.9731,1212045,,Spain,,,,,,,,,,,,,,,,,,
322,Siauliai,101,55.9281,23.3167,107086,,Lithuania,,,,,,,,,,,,,,,,,,
323,Skopje,130,41.9833,21.4333,640000,,North Macedonia,,,,,,,,,,,,,,,,,,
325,Stavanger,131,58.9701,5.7333,129300,,Norway,,,,,,,,,,,,,,,,,,
326,Strasbourg,61,48.5833,7.7458,465069,,France,,,,,,,,,,,,,,,,,,
327,Split,42,43.51,16.45,178102,,Croatia,,,,,,,,,,,,,,,,,,
328,Sion,171,46.2304,7.3661,34708,,Switzerland,,,,,,,,,,,,,,,,,,
329,Stockholm,170,59.3294,18.0686,972647,,Sweden,,,,,,,,,,,,,,,,,,
330,Tirana,2,41.33,19.82,418495,,Albania,,,,,,,,,,,,,,,,,,
331,Thessaloniki,67,40.6333,22.95,315196,,Greece,,,,,,,,,,,,,,,,,,
332,Tenerife,166,28.217,-16.589,#N/A,,Spain,,,,,,,,,,,,,,,,,,
333,Treviso,84,45.6722,12.2422,83950,,Italy,,,,,,,,,,,,,,,,,,
334,Trieste,84,45.6361,13.8042,204338,,Italy,,,,,,,,,,,,,,,,,,
335,Turin,84,45.0667,7.7,870952,,Italy,,,,,,,,,,,,,,,,,,
336,Tel-Aviv,83,32.0833,34.8,451523,,Israel,,,,,,,,,,,,,,,,,,
337,Terceira Island,142,38.7211653,-27.217639,#N/A,,Portugal,,,,,,,,,,,,,,,,,,
338,Timisoara,144,45.7597,21.23,319279,,Romania,,,,,,,,,,,,,,,,,,
339,Trabzon,182,41.005,39.7225,807903,,Turkey,,,,,,,,,,,,,,,,,,
340,Tampere,60,61.4981,23.7608,225118,,Finland,,,,,,,,,,,,,,,,,,
341,Turku,60,60.4517,22.27,187604,,Finland,,,,,,,,,,,,,,,,,,
342,Toulouse,61,43.6045,1.444,968638,,France,,,,,,,,,,,,,,,,,,
343,Tivat,117,42.43,18.7,0,,Montenegro,,,,,,,,,,,,,,,,,,
344,Trollhattan,170,58.2827931,12.2908612,#N/A,,Sweden,,,,,,,,,,,,,,,,,,
345,Tallinn,56,59.4372,24.745,434562,,Estonia,,,,,,,,,,,,,,,,,,
346,Tartu,56,58.38,26.7225,93865,,Estonia,,,,,,,,,,,,,,,,,,
347,Umea,170,63.8256568,20.2630745,#N/A,,Sweden,,,,,,,,,,,,,,,,,,
348,Vienna,10,48.2083,16.3731,1840573,,Austria,,,,,,,,,,,,,,,,,,
349,Varna,26,43.2078,27.9169,369162,,Bulgaria,,,,,,,,,,,,,,,,,,
351,Valencia,166,10.1667,-68,1484430,,Spain,,,,,,,,,,,,,,,,,,
352,Valladolid,166,41.652,-4.7286,298412,,Spain,,,,,,,,,,,,,,,,,,
353,Venice,84,45.4397,12.3319,261905,,Italy,,,,,,,,,,,,,,,,,,
354,Verona,84,45.4386,10.9928,252520,,Italy,,,,,,,,,,,,,,,,,,
355,Ventspils,95,57.3897,21.5644,35362,,Latvia,,,,,,,,,,,,,,,,,,
356,Vilnius,101,54.6833,25.2833,574147,,Lithuania,,,,,,,,,,,,,,,,,,
357,Iasi,144,47.1622,27.5889,290422,,Romania,,,,,,,,,,,,,,,,,,
358,Vaxjo,170,56.8787183,14.8094385,#N/A,,Sweden,,,,,,,,,,,,,,,,,,
359,Visby,170,57.629,18.3071,24693,,Sweden,,,,,,,,,,,,,,,,,,
361,Weeze,65,51.6267298,6.2011559,#N/A,,Germany,,,,,,,,,,,,,,,,,,
362,Westerland,65,54.91,8.3075,9032,,Germany,,,,,,,,,,,,,,,,,,
363,Wilhelmshaven,65,53.5167,8.1333,76097,,Germany,,,,,,,,,,,,,,,,,,
364,Warsaw,141,52.2167,21.0333,1790658,,Poland,,,,,,,,,,,,,,,,,,
365,Wroclaw,141,51.1077,17.0353,638586,,Poland,,,,,,,,,,,,,,,,,,
366,Zweibruecken,65,49.248655,7.3641981,#N/A,,Germany,,,,,,,,,,,,,,,,,,
367,Zaragoza,166,41.6483,-0.883,649404,,Spain,,,,,,,,,,,,,,,,,,
368,Zagreb,42,45.8,15.95,790017,,Croatia,,,,,,,,,,,,,,,,,,
369,Zadar,42,44.1167,15.2167,75082,,Croatia,,,,,,,,,,,,,,,,,,
370,Zurich,171,47.3744489,8.5410422,#N/A,,Switzerland,,,,,,,,,,,,,,,,,,
371,Chisinau,114,47.0056,28.8575,685900,,Moldova,,,,,,,,,,,,,,,,,,
372,Minsk,16,53.9022,27.5618,2020600,,Belarus,,,,,,,,,,,,,,,,,,
373,Gomel,16,52.4417,30.9833,510300,,Belarus,,,,,,,,,,,,,,,,,,
374,Brest,16,52.0847,23.6569,339700,,Belarus,,,,,,,,,,,,,,,,,,
375,Vitebsk,16,55.1833,30.1667,364800,,Belarus,,,,,,,,,,,,,,,,,,
376,Hrodna,16,53.6667,23.8167,356900,,Belarus,,,,,,,,,,,,,,,,,,
377,Kiev,186,50.4500336,30.5241361,#N/A,,Ukraine,,,,,,,,,,,,,,,,,,
378,Kherson,186,46.6333,32.6,291428,,Ukraine,,,,,,,,,,,,,,,,,,
379,Chernivtsi,186,48.2908,25.9344,266550,,Ukraine,,,,,,,,,,,,,,,,,,
380,Odesa,186,46.4775,30.7326,1010783,,Ukraine,,,,,,,,,,,,,,,,,,
381,Zaporizhia,186,47.8507859,35.1182867,#N/A,,Ukraine,,,,,,,,,,,,,,,,,,
382,Vinnytsia,186,49.2372,28.4672,371855,,Ukraine,,,,,,,,,,,,,,,,,,
383,Lviv,186,49.8419,24.0315,724314,,Ukraine,,,,,,,,,,,,,,,,,,
384,Dnipro,186,48.45,34.9833,983836,,Ukraine,,,,,,,,,,,,,,,,,,
385,Kharkiv,186,50,36.2292,1446107,,Ukraine,,,,,,,,,,,,,,,,,,
386,Ivano-Frankivsk,186,48.9228,24.7106,236602,,Ukraine,,,,,,,,,,,,,,,,,,
387,Moscow,145,55.7558,37.6178,17125000,,Russia,,,,,,,,,,,,,,,,,,
388,Saint Petersburg,145,59.95,30.3167,5351935,,Russia,,,,,,,,,,,,,,,,,,
389,Sochi,145,43.5853,39.7203,411524,,Russia,,,,,,,,,,,,,,,,,,
390,Novosibirsk,145,55.0333,82.9167,1602915,,Russia,,,,,,,,,,,,,,,,,,
391,Ekaterinburg,145,56.8356,60.6128,1468833,,Russia,,,,,,,,,,,,,,,,,,
392,Krasnodar,145,45.0333,38.9833,881476,,Russia,,,,,,,,,,,,,,,,,,
393,Anapa,145,44.8944,37.3167,81447,,Russia,,,,,,,,,,,,,,,,,,
394,Kaliningrad,145,54.7167,20.5,475056,,Russia,,,,,,,,,,,,,,,,,,
395,Platov,145,49.093632,41.678822,#N/A,,Russia,,,,,,,,,,,,,,,,,,
396,Samara,145,53.1833,50.1167,1169719,,Russia,,,,,,,,,,,,,,,,,,
397,Irkutsk,145,52.2833,104.3,623736,,Russia,,,,,,,,,,,,,,,,,,
398,Krasnoyarsk,145,56.0167,92.8667,1083865,,Russia,,,,,,,,,,,,,,,,,,
399,Ufa,145,54.7333,55.9667,1115560,,Russia,,,,,,,,,,,,,,,,,,
400,Kazan,145,55.7908,49.1144,1243500,,Russia,,,,,,,,,,,,,,,,,,
401,Mineralnye Vody,145,44.2008,43.1125,74141,,Russia,,,,,,,,,,,,,,,,,,
402,Tyumen,145,57.15,65.5333,744554,,Russia,,,,,,,,,,,,,,,,,,
403,Khabarovsk,145,48.4833,135.0667,616242,,Russia,,,,,,,,,,,,,,,,,,
404,Surgut,145,61.25,73.4333,360590,,Russia,,,,,,,,,,,,,,,,,,
405,Vladivostok,145,43.1167,131.9,606589,,Russia,,,,,,,,,,,,,,,,,,
406,Yakutsk,145,62.0272,129.7319,307911,,Russia,,,,,,,,,,,,,,,,,,
407,Perm,145,58.0139,56.2489,1048005,,Russia,,,,,,,,,,,,,,,,,,
408,Chelyabinsk,145,55.15,61.4,1202371,,Russia,,,,,,,,,,,,,,,,,,
409,Novy Urengoy,145,66.089142,76.70356,#N/A,,Russia,,,,,,,,,,,,,,,,,,
410,Murmansk,145,68.9667,33.0833,298096,,Russia,,,,,,,,,,,,,,,,,,
411,Nizhniy Novgorod,145,56.3269,44.0075,1264075,,Russia,,,,,,,,,,,,,,,,,,
412,Volgograd,145,48.7,44.4833,1015586,,Russia,,,,,,,,,,,,,,,,,,
413,Yuzhno-Sakhalinsk,145,46.95,142.7333,194882,,Russia,,,,,,,,,,,,,,,,,,
414,Arkhangelsk,145,64.55,40.5333,351488,,Russia,,,,,,,,,,,,,,,,,,
415,Omsk,145,54.9667,73.3833,1178391,,Russia,,,,,,,,,,,,,,,,,,
416,Makhachkala,145,42.9833,47.4833,592976,,Russia,,,,,,,,,,,,,,,,,,
417,Gelendzik,145,44.5608,38.0767,77212,,Russia,,,,,,,,,,,,,,,,,,
418,Petropavlovsk-Kamchatsky,145,53.0167,158.65,181216,,Russia,,,,,,,,,,,,,,,,,,
419,Naberezhnye Chelny,145,55.7,52.3333,529797,,Russia,,,,,,,,,,,,,,,,,,
420,Tomsk,145,56.4886,84.9522,572740,,Russia,,,,,,,,,,,,,,,,,,
421,Nizhnevartovsk,145,60.9389,76.595,274575,,Russia,,,,,,,,,,,,,,,,,,
422,Orenburg,145,51.7667,55.1,564443,,Russia,,,,,,,,,,,,,,,,,,
423,Voronezh,145,51.6717,39.2106,1047549,,Russia,,,,,,,,,,,,,,,,,,
424,Syktyvkar,145,61.6667,50.8167,245313,,Russia,,,,,,,,,,,,,,,,,,
425,Barnaul,145,53.3567,83.7872,633301,,Russia,,,,,,,,,,,,,,,,,,
426,Astrakhan,145,46.3333,48.0167,532504,,Russia,,,,,,,,,,,,,,,,,,
427,Norilsk,145,69.3333,88.2167,177428,,Russia,,,,,,,,,,,,,,,,,,
428,Belgorod,145,50.6,36.6,391135,,Russia,,,,,,,,,,,,,,,,,,
429,Salehard,145,66.5333,66.6333,48507,,Russia,,,,,,,,,,,,,,,,,,
430,Chita,145,52.0333,113.5,347088,,Russia,,,,,,,,,,,,,,,,,,
431,Izhevsk,145,56.85,53.2167,646277,,Russia,,,,,,,,,,,,,,,,,,
432,Khanty-Mansiysk,145,61,69,98692,,Russia,,,,,,,,,,,,,,,,,,
433,Saratov,145,51.5333,46,845300,,Russia,,,,,,,,,,,,,,,,,,
434,Stavropol,145,45.05,41.9833,433577,,Russia,,,,,,,,,,,,,,,,,,
437,Kemerovo,145,55.3333,86.0667,556920,,Russia,,,,,,,,,,,,,,,,,,
438,Abakan,145,53.7167,91.4167,181709,,Russia,,,,,,,,,,,,,,,,,,
439,Grozny,145,43.3125,45.6986,#N/A,,Russia,,,,,,,,,,,,,,,,,,
441,Vladikavkaz,145,43.0167,44.65,306978,,Russia,,,,,,,,,,,,,,,,,,
442,Ulyanovsk,145,54.3167,48.3667,624518,,Russia,,,,,,,,,,,,,,,,,,
444,Penza,145,53.2,45,523726,,Russia,,,,,,,,,,,,,,,,,,
445,Saransk,145,54.1833,45.1833,314789,,Russia,,,,,,,,,,,,,,,,,,
446,Nadym,145,65.5333,72.5167,44940,,Russia,,,,,,,,,,,,,,,,,,
447,Magnitogorsk,145,53.3833,59.0333,418241,,Russia,,,,,,,,,,,,,,,,,,
448,Rostov on Don,145,47.2333,39.7167,1125299,,Russia,,,,,,,,,,,,,,,,,,
449,Cheboksary,145,56.1333,47.25,489498,,Russia,,,,,,,,,,,,,,,,,,
451,Nalchik,145,43.4833,43.6167,265162,,Russia,,,,,,,,,,,,,,,,,,
452,Cherepovets,145,59.1333,37.9167,318856,,Russia,,,,,,,,,,,,,,,,,,
453,Magas,145,43.1667,44.8167,10333,,Russia,,,,,,,,,,,,,,,,,,
454,Kirov,145,58.6,49.65,501468,,Russia,,,,,,,,,,,,,,,,,,
455,Naryan-Mar,145,67.6378,53.0067,24775,,Russia,,,,,,,,,,,,,,,,,,
456,Bratsk,145,56.1667,101.6167,231602,,Russia,,,,,,,,,,,,,,,,,,
457,Elista,145,46.3167,44.2667,103132,,Russia,,,,,,,,,,,,,,,,,,
458,Gorno-Altaysk,145,51.96,85.96,63214,,Russia,,,,,,,,,,,,,,,,,,
460,Tambov,145,52.7167,41.4333,290365,,Russia,,,,,,,,,,,,,,,,,,
461,Vorkuta,145,67.5,64.0333,56088,,Russia,,,,,,,,,,,,,,,,,,
462,Neryungri,145,56.6583,124.725,57009,,Russia,,,,,,,,,,,,,,,,,,
463,Ivanovo,145,57,41,406933,,Russia,,,,,,,,,,,,,,,,,,
464,Anadyr,145,64.7333,177.5167,15604,,Russia,,,,,,,,,,,,,,,,,,
465,Kursk,145,51.7372,36.1872,449063,,Russia,,,,,,,,,,,,,,,,,,
466,Kogalym,145,62.26798,74.4889068,#N/A,,Russia,,,,,,,,,,,,,,,,,,
467,Kurgan,145,55.4408,65.3411,322042,,Russia,,,,,,,,,,,,,,,,,,
468,Petrozavodsk,145,61.7833,34.35,278551,,Russia,,,,,,,,,,,,,,,,,,
469,Orsk,145,51.2145,58.5441,230414,,Russia,,,,,,,,,,,,,,,,,,
471,Kaluga,145,54.5333,36.2667,341892,,Russia,,,,,,,,,,,,,,,,,,
472,Okha,145,53.5833,142.9333,20715,,Russia,,,,,,,,,,,,,,,,,,
473,Briansk,145,53.2423778,34.3668288,#N/A,,Russia,,,,,,,,,,,,,,,,,,
475,Kyzyl,145,51.7167,94.45,116015,,Russia,,,,,,,,,,,,,,,,,,
476,Tiksi,145,71.6269,128.835,5700,,Russia,,,,,,,,,,,,,,,,,,
477,Yaroslavl,145,57.6167,39.85,608079,,Russia,,,,,,,,,,,,,,,,,,
478,Pevek,145,69.7,170.3167,4053,,Russia,,,,,,,,,,,,,,,,,,
480,Velikij Ustyug,145,60.7589,46.3039,31806,,Russia,,,,,,,,,,,,,,,,,,
481,Aldan,145,58.6,125.3833,20595,,Russia,,,,,,,,,,,,,,,,,,
483,Beloyarsky,145,63.7156353,66.6667691,#N/A,,Russia,,,,,,,,,,,,,,,,,,
484,Bodaybo,145,57.8506,114.1933,12316,,Russia,,,,,,,,,,,,,,,,,,
485,Ust-Kut,145,56.780561,105.7489287,#N/A,,Russia,,,,,,,,,,,,,,,,,,
486,Usinsk,145,65.9998,57.5414,38376,,Russia,,,,,,,,,,,,,,,,,,
487,Nyagan,145,62.1333,65.3833,58335,,Russia,,,,,,,,,,,,,,,,,,
489,Lensk,145,60.7167,114.9,23479,,Russia,,,,,,,,,,,,,,,,,,
490,Batagay,145,67.656,134.635,4266,,Russia,,,,,,,,,,,,,,,,,,
491,Uraj,145,60.1333,64.7833,#N/A,,Russia,,,,,,,,,,,,,,,,,,
492,Nikolaevsk-na-Amure,145,53.15,140.7333,#N/A,,Russia,,,,,,,,,,,,,,,,,,
493,Berezovo,145,54.0930506,39.2975747,#N/A,,Russia,,,,,,,,,,,,,,,,,,
494,Bugulma,145,54.5333,52.7833,86085,,Russia,,,,,,,,,,,,,,,,,,
498,Belaya Gora,145,68.53701,146.187286,#N/A,,Russia,,,,,,,,,,,,,,,,,,
499,Mendeleyevo,145,56.036856,37.2333009,#N/A,,Russia,,,,,,,,,,,,,,,,,,
501,Lipetsk,145,52.6167,39.6,510439,,Russia,,,,,,,,,,,,,,,,,,
502,Nyurba,145,63.2833,118.3333,9786,,Russia,,,,,,,,,,,,,,,,,,
504,Ust-Maya,145,60.4566,134.5433,3062,,Russia,,,,,,,,,,,,,,,,,,
505,Iturup,145,44.9906085,147.8382321,#N/A,,Russia,,,,,,,,,,,,,,,,,,
507,Keperveyem,145,67.8415768,166.1428991,#N/A,,Russia,,,,,,,,,,,,,,,,,,
508,Deputatsky,145,69.3396494,139.9468635,#N/A,,Russia,,,,,,,,,,,,,,,,,,
510,Ust-Nera,145,64.5666,143.2,9148,,Russia,,,,,,,,,,,,,,,,,,
512,Terney,145,45.0504046,136.6137293,#N/A,,Russia,,,,,,,,,,,,,,,,,,
513,Olenyok,145,68.525,112.45,10,,Russia,,,,,,,,,,,,,,,,,,
514,Cherskiy,145,68.7501,161.33,3707,,Russia,,,,,,,,,,,,,,,,,,
515,Kavalerovo,145,44.2702,135.0498,18657,,Russia,,,,,,,,,,,,,,,,,,
516,Igarka,145,67.4667,86.5667,4975,,Russia,,,,,,,,,,,,,,,,,,
517,Igrim,145,63.1933,64.4194,9545,,Russia,,,,,,,,,,,,,,,,,,
519,Ust-Kuyga,145,70.00177,135.549835,#N/A,,Russia,,,,,,,,,,,,,,,,,,
520,Hatanga,145,72.0411,102.465,3205,,Russia,,,,,,,,,,,,,,,,,,
521,Dalnegorsk,145,44.5539,135.5661,37519,,Russia,,,,,,,,,,,,,,,,,,
522,Nogliki,145,51.8333,143.1667,10098,,Russia,,,,,,,,,,,,,,,,,,
523,Chokurdah,145,70.6183,147.8946,2506,,Russia,,,,,,,,,,,,,,,,,,
526,Tynda,145,55.15,124.7167,33061,,Russia,,,,,,,,,,,,,,,,,,
528,Podkamennaya Tunguska,145,61.5995,90.1236,10,,Russia,,,,,,,,,,,,,,,,,,
529,Zhigansk,145,66.7697,123.3711,3237,,Russia,,,,,,,,,,,,,,,,,,
530,Dikson,145,73.507,80.5451,1113,,Russia,,,,,,,,,,,,,,,,,,
531,Verkhnevilyuysk,145,63.4457,120.3167,6341,,Russia,,,,,,,,,,,,,,,,,,
532,Vilyuysk,145,63.75,121.6167,11095,,Russia,,,,,,,,,,,,,,,,,,
533,Dalnerechensk,145,45.9333,133.7333,26378,,Russia,,,,,,,,,,,,,,,,,,
534,Svetlaya,145,65.2215948,41.0060242,#N/A,,Russia,,,,,,,,,,,,,,,,,,
535,Komsomolsk Na Amure,145,50.550877,137.020782,#N/A,,Russia,,,,,,,,,,,,,,,,,,
538,Plastun,145,44.7589818,136.286379,#N/A,,Russia,,,,,,,,,,,,,,,,,,
539,Kotlas,145,61.25,46.65,61805,,Russia,,,,,,,,,,,,,,,,,,
540,Gagra,64,43.28,40.27,,,Georgia,,,,,,,,,,,,,,,,,,
541,New Athos,64,43.09,40.81,,,Georgia,,,,,,,,,,,,,,,,,,
542,Sukhumi,64,43,41,,,Georgia,,,,,,,,,,,,,,,,,,
543,Ukhta,145,63.5667,53.7,97087,,Russia,,,,,,,,,,,,,,,,,,
546,Pristina,91,42.6667,21.1667,204725,,Kosovo,,,,,,,,,,,,,,,,,,
547,Thimphu,20,27.4833,89.6333,104000,,Bhutan,,,,,,,,,,,,,,,,,,
548,Ulaanbaatar,116,47.9203,106.9172,1396288,,Mongolia,,,,,,,,,,,,,,,,,,
550,Agartala ,78,23.8333,91.2667,522613,,India,,,,,,,,,,,,,,,,,,
551,Agra ,78,27.18,78.02,1585705,,India,,,,,,,,,,,,,,,,,,
552,Ahmedabad ,78,23.03,72.58,7410000,,India,,,,,,,,,,,,,,,,,,
553,Aizawl ,78,23.7104,92.72,283021,,India,,,,,,,,,,,,,,,,,,
554,Allahabad ,78,25.455,81.84,1201000,,India,,,,,,,,,,,,,,,,,,
555,Amritsar ,78,31.6167,74.85,1132383,,India,,,,,,,,,,,,,,,,,,
556,Aurangabad ,78,19.88,75.32,1371330,,India,,,,,,,,,,,,,,,,,,
557,Bagdogra ,78,26.6988847,88.3200303,#N/A,,India,,,,,,,,,,,,,,,,,,
558,Belgaum ,78,15.8667,74.5,488157,,India,,,,,,,,,,,,,,,,,,
560,Bhavnagar ,78,21.7718836,72.1416449,#N/A,,India,,,,,,,,,,,,,,,,,,
561,Bhopal ,78,23.25,77.4167,1883381,,India,,,,,,,,,,,,,,,,,,
562,Bhubaneswar ,78,20.2667774,85.8435592,#N/A,,India,,,,,,,,,,,,,,,,,,
563,Bhuj ,78,23.2504,69.81,289429,,India,,,,,,,,,,,,,,,,,,
564,Bikaner ,78,28.0159286,73.3171367,#N/A,,India,,,,,,,,,,,,,,,,,,
565,Chandigarh ,78,30.7353,76.7911,1026459,,India,,,,,,,,,,,,,,,,,,
566,Coimbatore ,78,11,76.9667,959823,,India,,,,,,,,,,,,,,,,,,
567,Dehradun ,78,30.318,78.029,578420,,India,,,,,,,,,,,,,,,,,,
568,Dharamsala ,78,32.2167,76.3167,19034,,India,,,,,,,,,,,,,,,,,,
569,Dibrugarh ,78,27.4833,95,154019,,India,,,,,,,,,,,,,,,,,,
570,Dimapur ,78,25.9135914,93.7283707,#N/A,,India,,,,,,,,,,,,,,,,,,
571,Diu ,78,20.7197,70.9904,23779,,India,,,,,,,,,,,,,,,,,,
572,Gaya ,78,24.75,85.0167,474093,,India,,,,,,,,,,,,,,,,,,
573,Chicalim,78,15.3944786,73.8622326,#N/A,,India,,,,,,,,,,,,,,,,,,
574,Gorakhpur ,78,26.7611,83.3667,673446,,India,,,,,,,,,,,,,,,,,,
575,Guwahati ,78,26.1667,91.7667,957352,,India,,,,,,,,,,,,,,,,,,
576,Gwalior ,78,26.215,78.1931,1101981,,India,,,,,,,,,,,,,,,,,,
577,Hubli ,78,15.36,75.125,890000,,India,,,,,,,,,,,,,,,,,,
578,Hyderabad  ,78,17.3667,78.4667,9746000,,India,,,,,,,,,,,,,,,,,,
579,Imphal ,78,24.82,93.95,268243,,India,,,,,,,,,,,,,,,,,,
580,Indore ,78,22.7206,75.8472,2201927,,India,,,,,,,,,,,,,,,,,,
581,Jabalpur ,78,23.1667,79.9333,1267564,,India,,,,,,,,,,,,,,,,,,
582,Jaisalmer ,78,26.9167,70.9167,65471,,India,,,,,,,,,,,,,,,,,,
583,Jalgaon ,78,21.0167,75.5667,460468,,India,,,,,,,,,,,,,,,,,,
584,Jammu ,78,32.7333,74.85,502197,,India,,,,,,,,,,,,,,,,,,
585,Jamnagar ,78,22.47,70.07,479920,,India,,,,,,,,,,,,,,,,,,
586,Jodhpur ,78,26.2918,73.0168,995000,,India,,,,,,,,,,,,,,,,,,
587,Jorhat ,78,26.75,94.2167,69033,,India,,,,,,,,,,,,,,,,,,
588,Kadapa ,78,14.4752936,78.8216861,#N/A,,India,,,,,,,,,,,,,,,,,,
589,Kandla ,78,32.6912634,76.0696792,#N/A,,India,,,,,,,,,,,,,,,,,,
590,Kanpur ,78,26.4609135,80.3217588,#N/A,,India,,,,,,,,,,,,,,,,,,
591,Kazi Nazrul Islam ,78,23.6247865,87.2411693,#N/A,,India,,,,,,,,,,,,,,,,,,
592,Khajuraho ,78,24.85,79.9333,24481,,India,,,,,,,,,,,,,,,,,,
593,Kochi  ,78,9.9667,76.2833,677381,,India,,,,,,,,,,,,,,,,,,
594,Kolhapur ,78,16.7,74.2333,750000,,India,,,,,,,,,,,,,,,,,,
595,Kozhikode ,78,11.2586082,75.7788735,#N/A,,India,,,,,,,,,,,,,,,,,,
596,Kulu ,78,31.96,77.1,18536,,India,,,,,,,,,,,,,,,,,,
597,Leh ,78,34.1642029,77.5848133,#N/A,,India,,,,,,,,,,,,,,,,,,
599,Lucknow ,78,26.847,80.947,3382000,,India,,,,,,,,,,,,,,,,,,
600,Ludhiana ,78,30.9083,75.8486,1649000,,India,,,,,,,,,,,,,,,,,,
601,Madurai ,78,9.9197,78.1194,1561129,,India,,,,,,,,,,,,,,,,,,
602,Mangalore ,78,12.8703,74.8806,623841,,India,,,,,,,,,,,,,,,,,,
603,Mysore ,78,12.3086,76.6531,1014227,,India,,,,,,,,,,,,,,,,,,
604,Nagpur ,78,21.1539,79.0831,2405665,,India,,,,,,,,,,,,,,,,,,
605,Nanded ,78,19.15,77.3333,623708,,India,,,,,,,,,,,,,,,,,,
606,Nasik ,78,20,73.7833,1486053,,India,,,,,,,,,,,,,,,,,,
607,Pantnagar ,78,29.0264162,79.4859989,#N/A,,India,,,,,,,,,,,,,,,,,,
608,Pasighat ,78,28.0589676,95.3324944,#N/A,,India,,,,,,,,,,,,,,,,,,
609,Patna ,78,25.61,85.1414,1684222,,India,,,,,,,,,,,,,,,,,,
610,Porbandar ,78,21.6425,69.6047,234684,,India,,,,,,,,,,,,,,,,,,
611,Port blair ,78,11.6667,92.75,127562,,India,,,,,,,,,,,,,,,,,,
612,Puducherry ,78,11.93,79.83,227411,,India,,,,,,,,,,,,,,,,,,
613,Pune ,78,18.5196,73.8553,7764000,,India,,,,,,,,,,,,,,,,,,
614,Raipur ,78,21.2379,81.6337,1010087,,India,,,,,,,,,,,,,,,,,,
615,Rajahmundry ,78,16.9833,81.7833,341831,,India,,,,,,,,,,,,,,,,,,
616,Rajkot ,78,22.2969,70.7984,1335397,,India,,,,,,,,,,,,,,,,,,
617,Ranchi ,78,23.3556,85.3347,1073440,,India,,,,,,,,,,,,,,,,,,
618,Salem  ,78,11.65,78.1667,693236,,India,,,,,,,,,,,,,,,,,,
619,Shillong ,78,25.5744,91.8789,143229,,India,,,,,,,,,,,,,,,,,,
620,Shimla ,78,31.1033,77.1722,206575,,India,,,,,,,,,,,,,,,,,,
621,Shirdi ,78,24.7904,92.79,152393,,India,,,,,,,,,,,,,,,,,,
622,Silchar ,78,24.7904,92.79,152393,,India,,,,,,,,,,,,,,,,,,
623,Srinagar ,78,34.0911,74.8061,1180570,,India,,,,,,,,,,,,,,,,,,
624,Surat ,78,21.17,72.83,5807000,,India,,,,,,,,,,,,,,,,,,
625,Tezpur ,78,26.6338,92.8,58851,,India,,,,,,,,,,,,,,,,,,
626,Thiruvananthapuram ,78,8.5,76.8997,743691,,India,,,,,,,,,,,,,,,,,,
627,Tiruchirapalli ,78,10.7620859,78.712771,#N/A,,India,,,,,,,,,,,,,,,,,,
628,Tirupati ,78,13.65,79.42,287482,,India,,,,,,,,,,,,,,,,,,
629,Tuticorin ,78,8.7833,78.1333,436094,,India,,,,,,,,,,,,,,,,,,
630,Udaipur ,78,24.5833,73.6833,451100,,India,,,,,,,,,,,,,,,,,,
631,Vadodara ,78,22.3,73.2,2065771,,India,,,,,,,,,,,,,,,,,,
632,Varanasi ,78,25.3189,83.0128,1198491,,India,,,,,,,,,,,,,,,,,,
633,Vidyanagar ,78,15.3638384,75.1275701,#N/A,,India,,,,,,,,,,,,,,,,,,
634,Vijayawada ,78,16.5087586,80.6185102,#N/A,,India,,,,,,,,,,,,,,,,,,
635,Visakhapatnam ,78,17.7333,83.3167,2035922,,India,,,,,,,,,,,,,,,,,,
636,Chiang Mai ,176,18.7882778,98.9868056,#N/A,,Thailand,,,,,,,,,,,,,,,,,,
637,Hat Yai ,176,7.0026257,100.4577414,#N/A,,Thailand,,,,,,,,,,,,,,,,,,
638,Koh Samui,176,9.5013944,99.9956193,#N/A,,Thailand,,,,,,,,,,,,,,,,,,
639,Udon Thani ,176,17.4164,102.75,130274,,Thailand,,,,,,,,,,,,,,,,,,
640,Chiang Rai ,176,19.9094,99.8275,70610,,Thailand,,,,,,,,,,,,,,,,,,
641,Khon Kaen ,176,16.4297,102.8297,115928,,Thailand,,,,,,,,,,,,,,,,,,
642,Surat Thani ,176,9.1397,99.3306,130703,,Thailand,,,,,,,,,,,,,,,,,,
643,Ubon Ratchathani ,176,15.2281,104.8594,79023,,Thailand,,,,,,,,,,,,,,,,,,
644,Nakhon Si Thammarat ,176,8.4333,99.9667,106322,,Thailand,,,,,,,,,,,,,,,,,,
645,Phitsanulok ,176,16.8158,100.2636,70871,,Thailand,,,,,,,,,,,,,,,,,,
646,Trang ,176,7.5561,99.6114,60591,,Thailand,,,,,,,,,,,,,,,,,,
647,Roi Et ,176,16.0578,103.6514,35219,,Thailand,,,,,,,,,,,,,,,,,,
648,Nakhon Phanom ,176,17.3952209,104.7880321,#N/A,,Thailand,,,,,,,,,,,,,,,,,,
649,Buri Ram ,176,14.9955693,103.1079187,#N/A,,Thailand,,,,,,,,,,,,,,,,,,
650,Sakon Nakhon ,176,17.1564,104.1456,53618,,Thailand,,,,,,,,,,,,,,,,,,
651,Lampang ,176,18.3,99.5,55044,,Thailand,,,,,,,,,,,,,,,,,,
652,Mae Sot ,176,16.7133787,98.5699283,#N/A,,Thailand,,,,,,,,,,,,,,,,,,
653,Ranong ,176,9.9619,98.6389,16125,,Thailand,,,,,,,,,,,,,,,,,,
654,Chumphon ,176,10.4939,99.18,33516,,Thailand,,,,,,,,,,,,,,,,,,
655,Loei ,176,17.4903,101.725,22339,,Thailand,,,,,,,,,,,,,,,,,,
656,Narathiwat ,176,6.4277319,101.8212475,#N/A,,Thailand,,,,,,,,,,,,,,,,,,
657,Trat ,176,12.2417,102.5125,10413,,Thailand,,,,,,,,,,,,,,,,,,
658,Phrae ,176,18.1436,100.1417,16668,,Thailand,,,,,,,,,,,,,,,,,,
659,Sukhothai ,176,17.0142,99.8219,15618,,Thailand,,,,,,,,,,,,,,,,,,
660,Mae Hong Son ,176,19.3015068,97.9666073,#N/A,,Thailand,,,,,,,,,,,,,,,,,,
661,Hua Hin ,176,12.5672438,99.9546036,#N/A,,Thailand,,,,,,,,,,,,,,,,,,
662,Pai ,176,19.3581061,98.4405794,#N/A,,Thailand,,,,,,,,,,,,,,,,,,
663,Chicago,189,41.8373,-87.6862,8604203,IL,USA,,,,,,,,,,,,,,,,,,
664,Houston,189,29.7863,-95.3889,5464251,TX,USA,,,,,,,,,,,,,,,,,,
665,Phoenix,189,33.5722,-112.0891,4219697,AZ,USA,,,,,,,,,,,,,,,,,,
666,Philadelphia,189,40.0077,-75.1339,5649300,PA,USA,,,,,,,,,,,,,,,,,,
667,San Antonio,189,29.4658,-98.5253,2049293,TX,USA,,,,,,,,,,,,,,,,,,
668,San Diego,189,32.8312,-117.1225,3220118,CA,USA,,,,,,,,,,,,,,,,,,
669,Dallas,189,32.7936,-96.7662,5743938,TX,USA,,,,,,,,,,,,,,,,,,
670,San Jose,189,37.3019,-121.8486,1798103,CA,USA,,,,,,,,,,,,,,,,,,
671,Austin,189,30.3004,-97.7522,1687311,TX,USA,,,,,,,,,,,,,,,,,,
672,Fort Worth,189,32.7811,-97.3473,909585,TX,USA,,,,,,,,,,,,,,,,,,
673,Jacksonville,189,30.3322,-81.6749,1181496,FL,USA,,,,,,,,,,,,,,,,,,
674,Columbus,189,39.9862,-82.985,1562009,OH,USA,,,,,,,,,,,,,,,,,,
675,Charlotte,189,35.208,-80.8304,1512923,NC,USA,,,,,,,,,,,,,,,,,,
676,Indianapolis,189,39.7771,-86.1458,1588961,IN,USA,,,,,,,,,,,,,,,,,,
677,Seattle,189,47.6211,-122.3244,3789215,WA,USA,,,,,,,,,,,,,,,,,,
678,Denver,189,39.7621,-104.8759,2876625,CO,USA,,,,,,,,,,,,,,,,,,
679,Washington,189,38.9047,-77.0163,5379184,DC,USA,,,,,,,,,,,,,,,,,,
680,Boston,189,42.3188,-71.0846,4688346,MA,USA,,,,,,,,,,,,,,,,,,
681,El Paso,189,31.8479,-106.4309,843386,TX,USA,,,,,,,,,,,,,,,,,,
682,Nashville,189,36.1715,-86.7843,1081903,TN,USA,,,,,,,,,,,,,,,,,,
683,Detroit,189,42.3834,-83.1024,3506126,MI,USA,,,,,,,,,,,,,,,,,,
684,Portland,189,45.5372,-122.65,2074775,OR,USA,,,,,,,,,,,,,,,,,,
685,Oklahoma City,189,35.4676,-97.5136,972943,OK,USA,,,,,,,,,,,,,,,,,,
686,Memphis,189,35.1046,-89.9773,1066967,TN,USA,,,,,,,,,,,,,,,,,,
687,Louisville,189,38.1663,-85.6485,1005654,KY,USA,,,,,,,,,,,,,,,,,,
688,Baltimore,189,39.3051,-76.6144,2106068,MD,USA,,,,,,,,,,,,,,,,,,
689,Milwaukee,189,43.0642,-87.9673,1365787,WI,USA,,,,,,,,,,,,,,,,,,
690,Albuquerque,189,35.1053,-106.6464,761195,NM,USA,,,,,,,,,,,,,,,,,,
691,Tucson,189,32.1545,-110.8782,888486,AZ,USA,,,,,,,,,,,,,,,,,,
692,Fresno,189,36.7831,-119.7941,703498,CA,USA,,,,,,,,,,,,,,,,,,
693,Mesa,189,33.4017,-111.718,518012,AZ,USA,,,,,,,,,,,,,,,,,,
694,Atlanta,189,33.7627,-84.4224,5449398,GA,USA,,,,,,,,,,,,,,,,,,
695,Sacramento,189,38.5667,-121.4683,1898019,CA,USA,,,,,,,,,,,,,,,,,,
696,Kansas City,189,39.1239,-94.5541,1636715,MO,USA,,,,,,,,,,,,,,,,,,
697,Colorado Springs,189,38.8674,-104.7606,642413,CO,USA,,,,,,,,,,,,,,,,,,
698,Raleigh,189,35.8325,-78.6435,1038738,NC,USA,,,,,,,,,,,,,,,,,,
699,Omaha,189,41.2627,-96.0522,847819,NE,USA,,,,,,,,,,,,,,,,,,
700,Long Beach,189,33.7981,-118.1675,462628,CA,USA,,,,,,,,,,,,,,,,,,
701,Virginia Beach,189,36.7335,-76.0435,1478868,VA,USA,,,,,,,,,,,,,,,,,,
702,Minneapolis,189,44.9635,-93.2678,2977172,MN,USA,,,,,,,,,,,,,,,,,,
703,Oakland,189,37.7903,-122.2165,433031,CA,USA,,,,,,,,,,,,,,,,,,
704,Tampa,189,27.9942,-82.4451,2908063,FL,USA,,,,,,,,,,,,,,,,,,
705,Arlington,189,32.6998,-97.125,398854,TX,USA,,,,,,,,,,,,,,,,,,
706,Tulsa,189,36.1284,-95.9042,671033,OK,USA,,,,,,,,,,,,,,,,,,
707,Bakersfield,189,35.3529,-119.0359,579295,CA,USA,,,,,,,,,,,,,,,,,,
708,New Orleans,189,30.0687,-89.9288,1020886,LA,USA,,,,,,,,,,,,,,,,,,
709,Wichita,189,37.6896,-97.3442,482249,KS,USA,,,,,,,,,,,,,,,,,,
710,Aurora,189,39.7087,-104.7273,379289,CO,USA,,,,,,,,,,,,,,,,,,
711,Cleveland,189,41.4767,-81.6804,1710093,OH,USA,,,,,,,,,,,,,,,,,,
712,Anaheim,189,33.839,-117.8572,350365,CA,USA,,,,,,,,,,,,,,,,,,
713,Riverside,189,33.9381,-117.3948,2107852,CA,USA,,,,,,,,,,,,,,,,,,
714,San Juan,189,-31.5375,-68.5364,471389,PR,USA,,,,,,,,,,,,,,,,,,
715,Santa Ana,189,33.7366,-117.8819,332318,CA,USA,,,,,,,,,,,,,,,,,,
716,Henderson,189,36.0133,-115.038,320189,NV,USA,,,,,,,,,,,,,,,,,,
717,Lexington,189,38.0423,-84.4587,317110,KY,USA,,,,,,,,,,,,,,,,,,
718,Corpus Christi,189,27.726,-97.3755,342464,TX,USA,,,,,,,,,,,,,,,,,,
719,Stockton,189,37.9765,-121.3109,397264,CA,USA,,,,,,,,,,,,,,,,,,
720,St. Paul,189,44.9477,-93.104,308096,MN,USA,,,,,,,,,,,,,,,,,,
721,Cincinnati,189,39.1413,-84.5061,1662691,OH,USA,,,,,,,,,,,,,,,,,,
722,Irvine,189,33.6772,-117.7738,287401,CA,USA,,,,,,,,,,,,,,,,,,
723,Greensboro,189,36.0956,-79.8269,343090,NC,USA,,,,,,,,,,,,,,,,,,
724,Pittsburgh,189,40.4396,-79.9762,1703266,PA,USA,,,,,,,,,,,,,,,,,,
725,Lincoln,189,40.809,-96.6788,289490,NE,USA,,,,,,,,,,,,,,,,,,
726,St. Louis,189,38.6358,-90.2451,2024074,MO,USA,,,,,,,,,,,,,,,,,,
727,Plano,189,33.0502,-96.7487,287677,TX,USA,,,,,,,,,,,,,,,,,,
728,Anchorage,189,61.1508,-149.1091,247949,AK,USA,,,,,,,,,,,,,,,,,,
729,Newark,189,40.7245,-74.1725,282011,NJ,USA,,,,,,,,,,,,,,,,,,
731,Chula Vista,189,32.6281,-117.0145,274492,CA,USA,,,,,,,,,,,,,,,,,,
732,St. Petersburg,189,27.7931,-82.6652,265351,FL,USA,,,,,,,,,,,,,,,,,,
733,Jersey City,189,40.7161,-74.0682,262075,NJ,USA,,,,,,,,,,,,,,,,,,
734,Fort Wayne,189,41.0886,-85.1437,334122,IN,USA,,,,,,,,,,,,,,,,,,
735,Toledo,189,41.6639,-83.5822,482111,OH,USA,,,,,,,,,,,,,,,,,,
736,Chandler,189,33.2826,-111.8516,261165,AZ,USA,,,,,,,,,,,,,,,,,,
737,Laredo,189,27.5629,-99.4875,262079,TX,USA,,,,,,,,,,,,,,,,,,
738,Madison,189,43.0826,-89.3931,447245,WI,USA,,,,,,,,,,,,,,,,,,
739,Scottsdale,189,33.6872,-111.8651,258069,AZ,USA,,,,,,,,,,,,,,,,,,
740,Lubbock,189,33.5659,-101.8878,267648,TX,USA,,,,,,,,,,,,,,,,,,
741,Reno,189,39.5497,-119.8483,445020,NV,USA,,,,,,,,,,,,,,,,,,
742,Gilbert,189,33.3101,-111.7463,254114,AZ,USA,,,,,,,,,,,,,,,,,,
743,Buffalo,189,42.9016,-78.8487,914341,NY,USA,,,,,,,,,,,,,,,,,,
744,Glendale,189,33.5791,-112.2311,252381,AZ,USA,,,,,,,,,,,,,,,,,,
745,North Las Vegas,189,36.288,-115.0901,251974,NV,USA,,,,,,,,,,,,,,,,,,
746,Winston-Salem,189,36.1029,-80.2611,422269,NC,USA,,,,,,,,,,,,,,,,,,
747,Chesapeake,189,36.6778,-76.3024,244835,VA,USA,,,,,,,,,,,,,,,,,,
748,Garland,189,32.91,-96.6305,239928,TX,USA,,,,,,,,,,,,,,,,,,
749,Irving,189,32.8584,-96.9702,239798,TX,USA,,,,,,,,,,,,,,,,,,
750,Hialeah,189,25.8696,-80.3046,233339,FL,USA,,,,,,,,,,,,,,,,,,
751,Norfolk,189,36.8945,-76.259,242742,VA,USA,,,,,,,,,,,,,,,,,,
752,Fremont,189,37.5265,-121.9852,241110,CA,USA,,,,,,,,,,,,,,,,,,
753,Boise,189,43.6007,-116.2312,389280,ID,USA,,,,,,,,,,,,,,,,,,
754,Paradise,189,36.0807,-115.1369,233689,NV,USA,,,,,,,,,,,,,,,,,,
755,Richmond,189,37.5295,-77.4756,1075798,VA,USA,,,,,,,,,,,,,,,,,,
757,Spokane,189,47.6671,-117.433,412275,WA,USA,,,,,,,,,,,,,,,,,,
758,Tacoma,189,47.2431,-122.4531,217827,WA,USA,,,,,,,,,,,,,,,,,,
759,Modesto,189,37.6374,-121.0028,383134,CA,USA,,,,,,,,,,,,,,,,,,
760,Fontana,189,34.0968,-117.4599,214547,CA,USA,,,,,,,,,,,,,,,,,,
761,Des Moines,189,41.5725,-93.6105,473957,IA,USA,,,,,,,,,,,,,,,,,,
762,San Bernardino,189,34.1417,-117.2946,215784,CA,USA,,,,,,,,,,,,,,,,,,
763,Baton Rouge,189,30.4418,-91.131,570308,LA,USA,,,,,,,,,,,,,,,,,,
764,Frisco,189,33.1555,-96.8215,200490,TX,USA,,,,,,,,,,,,,,,,,,
765,Salt Lake City,189,40.7777,-111.9306,1098526,UT,USA,,,,,,,,,,,,,,,,,,
766,Moreno Valley,189,33.9244,-117.2045,213055,CA,USA,,,,,,,,,,,,,,,,,,
767,Oxnard,189,34.1963,-119.1815,387647,CA,USA,,,,,,,,,,,,,,,,,,
768,Santa Clarita,189,34.4175,-118.4964,312446,CA,USA,,,,,,,,,,,,,,,,,,
770,McKinney,189,33.2015,-96.6669,258277,TX,USA,,,,,,,,,,,,,,,,,,
771,Port St. Lucie,189,27.2796,-80.3883,461152,FL,USA,,,,,,,,,,,,,,,,,,
772,Fayetteville,189,36.0713,-94.166,351246,NC,USA,,,,,,,,,,,,,,,,,,
773,Grand Rapids,189,42.962,-85.6562,609314,MI,USA,,,,,,,,,,,,,,,,,,
775,Rochester,189,43.168,-77.6162,703952,NY,USA,,,,,,,,,,,,,,,,,,
776,Charleston,189,32.8153,-79.9628,628377,SC,USA,,,,,,,,,,,,,,,,,,
777,Palm Springs,189,26.6349,-80.0968,25216,CA,USA,,,,,,,,,,,,,,,,,,
778,Sedona,189,34.8574,-111.7951,6969,AZ,USA,,,,,,,,,,,,,,,,,,
779,Branson,189,36.651,-93.2635,25033,MO,USA,,,,,,,,,,,,,,,,,,
780,Montreal,33,45.5089,-73.5617,3519595,Quebec,Canada,,,,,,,,,,,,,,,,,,
781,Calgary,33,51.05,-114.0667,1237656,Alberta,Canada,,,,,,,,,,,,,,,,,,
782,Edmonton,33,53.5344,-113.4903,1062643,Alberta,Canada,,,,,,,,,,,,,,,,,,
783,Ottawa,33,45.4247,-75.695,989657,Ontario,Canada,,,,,,,,,,,,,,,,,,
784,Winnipeg,33,49.8844,-97.1464,711925,Manitoba,Canada,,,,,,,,,,,,,,,,,,
785,Quebec City,33,46.8139,-71.2081,705103,Quebec,Canada,,,,,,,,,,,,,,,,,,
786,Hamilton,33,43.2567,-79.8692,693645,Ontario,Canada,,,,,,,,,,,,,,,,,,
787,Kitchener,33,43.4186,-80.4728,470015,Ontario,Canada,,,,,,,,,,,,,,,,,,
789,Victoria,33,48.4283,-123.3647,335696,British Columbia,Canada,,,,,,,,,,,,,,,,,,
790,Halifax,33,44.6475,-63.5906,316701,Nova Scotia,Canada,,,,,,,,,,,,,,,,,,
791,Oshawa,33,43.9,-78.85,308875,Ontario,Canada,,,,,,,,,,,,,,,,,,
792,Windsor,33,42.2833,-83,287069,Ontario,Canada,,,,,,,,,,,,,,,,,,
793,Saskatoon,33,52.1333,-106.6833,245181,Saskatchewan,Canada,,,,,,,,,,,,,,,,,,
794,St. Catharines,33,43.1833,-79.2333,229246,Ontario,Canada,,,,,,,,,,,,,,,,,,
795,Regina,33,50.4547,-104.6067,214631,Saskatchewan,Canada,,,,,,,,,,,,,,,,,,
796,St. John's,33,47.4817,-52.7971,178427,Newfoundland and Labrador,Canada,,,,,,,,,,,,,,,,,,
797,Kelowna,33,49.8881,-119.4956,151957,British Columbia,Canada,,,,,,,,,,,,,,,,,,
800,Rishikesh,78,30.086928,78.267612,,,India,,,,,,,,,,,,,,,,,,
801,Gokarna,78,14.547859,74.318841,,,India,,,,,,,,,,,,,,,,,,
802,Arambol,78,15.69776815,73.69811692,,,India,,,,,,,,,,,,,,,,,,
803,Tiruvannamalai,78,12.2343228,79.0761989,,,India,,,,,,,,,,,,,,,,,,
804,Darjeeling,78,27.0377554,88.263176,,,India,,,,,,,,,,,,,,,,,,
805,Haridwar,78,29.9384473,78.1452985,,,India,,,,,,,,,,,,,,,,,,
806,Kanyakumari,78,8.079252,77.5499338,,,India,,,,,,,,,,,,,,,,,,
807,Buddh Gaya,78,24.6904398,84.9831416,,,India,,,,,,,,,,,,,,,,,,
808,Sarnath,78,25.371556,83.025214,,,India,,,,,,,,,,,,,,,,,,
809,Kushinagar,78,26.7438272,83.9162322,,,India,,,,,,,,,,,,,,,,,,
810,Shrawasti,78,27.68320155,81.886684,,,India,,,,,,,,,,,,,,,,,,
811,Rajgir,78,25.0299973,85.4207368,,,India,,,,,,,,,,,,,,,,,,
812,Sankasya,78,30.37004,76.36429,,,India,,,,,,,,,,,,,,,,,,
813,Tirumala,78,13.680736,79.350898,,,India,,,,,,,,,,,,,,,,,,
814,Badrinath,78,30.743309,79.493763,,,India,,,,,,,,,,,,,,,,,,
815,Kedarnath,78,30.734627,79.066894,,,India,,,,,,,,,,,,,,,,,,
816,Prayagraj,78,25.435801,81.846311,,,India,,,,,,,,,,,,,,,,,,
818,Mathura,78,27.492413,77.673673,,,India,,,,,,,,,,,,,,,,,,
819,Vrindavan,78,27.565009,77.659339,,,India,,,,,,,,,,,,,,,,,,
820,Somnath,78,20.888047,70.401157,,,India,,,,,,,,,,,,,,,,,,
821,Dwarka,78,22.244197,68.968456,,,India,,,,,,,,,,,,,,,,,,
822,Jammu,78,32.726602,74.857026,,,India,,,,,,,,,,,,,,,,,,
823,Ujjain,78,23.176467,75.788516,,,India,,,,,,,,,,,,,,,,,,
824,Shirdi,78,19.764536,74.476212,,,India,,,,,,,,,,,,,,,,,,
825,Palolem,78,15.009965,74.023219,,,India,,,,,,,,,,,,,,,,,,
826,Varkala,78,8.737868,76.716336,,,India,,,,,,,,,,,,,,,,,,
827,Alwar,78,27.552991,76.634574,,,India,,,,,,,,,,,,,,,,,,
828,Amritapuri,78,9.094938,76.489564,,,India,,,,,,,,,,,,,,,,,,
,,,,,,,,,,,,,,,,,,,,,,,,,
,,,,,,,,,,,,,,,,,,,,,,,,,
,,,,,,,,,,,,,,,,,,,,,,,,,
,,,,,,,,,,,,,,,,,,,,,,,,,
,,,,,,,,,,,,,,,,,,,,,,,,,
,,,,,,,,,,,,,,,,,,,,,,,,,
,,,,,,,,,,,,,,,,,,,,,,,,,
,,,,,,,,,,,,,,,,,,,,,,,,,
,,,,,,,,,,,,,,,,,,,,,,,,,
,,,,,,,,,,,,,,,,,,,,,,,,,
,,,,,,,,,,,,,,,,,,,,,,,,,
,,,,,,,,,,,,,,,,,,,,,,,,,
,,,,,,,,,,,,,,,,,,,,,,,,,
,,,,,,,,,,,,,,,,,,,,,,,,,
,,,,,,,,,,,,,,,,,,,,,,,,,
,,,,,,,,,,,,,,,,,,,,,,,,,
,,,,,,,,,,,,,,,,,,,,,,,,,
,,,,,,,,,,,,,,,,,,,,,,,,,
,,,,,,,,,,,,,,,,,,,,,,,,,
,,,,,,,,,,,,,,,,,,,,,,,,,
,,,,,,,,,,,,,,,,,,,,,,,,,
,,,,,,,,,,,,,,,,,,,,,,,,,
,,,,,,,,,,,,,,,,,,,,,,,,,
,,,,,,,,,,,,,,,,,,,,,,,,,
,,,,,,,,,,,,,,,,,,,,,,,,,
,,,,,,,,,,,,,,,,,,,,,,,,,
,,,,,,,,,,,,,,,,,,,,,,,,,
,,,,,,,,,,,,,,,,,,,,,,,,,
,,,,,,,,,,,,,,,,,,,,,,,,,
,,,,,,,,,,,,,,,,,,,,,,,,,
,,,,,,,,,,,,,,,,,,,,,,,,,
,,,,,,,,,,,,,,,,,,,,,,,,,
,,,,,,,,,,,,,,,,,,,,,,,,,
,,,,,,,,,,,,,,,,,,,,,,,,,
,,,,,,,,,,,,,,,,,,,,,,,,,
,,,,,,,,,,,,,,,,,,,,,,,,,
,,,,,,,,,,,,,,,,,,,,,,,,,
,,,,,,,,,,,,,,,,,,,,,,,,,
,,,,,,,,,,,,,,,,,,,,,,,,,
,,,,,,,,,,,,,,,,,,,,,,,,,
,,,,,,,,,,,,,,,,,,,,,,,,,
,,,,,,,,,,,,,,,,,,,,,,,,,
,,,,,,,,,,,,,,,,,,,,,,,,,
,,,,,,,,,,,,,,,,,,,,,,,,,
,,,,,,,,,,,,,,,,,,,,,,,,,
,,,,,,,,,,,,,,,,,,,,,,,,,
,,,,,,,,,,,,,,,,,,,,,,,,,
,,,,,,,,,,,,,,,,,,,,,,,,,
,,,,,,,,,,,,,,,,,,,,,,,,,
,,,,,,,,,,,,,,,,,,,,,,,,,
,,,,,,,,,,,,,,,,,,,,,,,,,
,,,,,,,,,,,,,,,,,,,,,,,,,
,,,,,,,,,,,,,,,,,,,,,,,,,
,,,,,,,,,,,,,,,,,,,,,,,,,
,,,,,,,,,,,,,,,,,,,,,,,,,
,,,,,,,,,,,,,,,,,,,,,,,,,
,,,,,,,,,,,,,,,,,,,,,,,,,
,,,,,,,,,,,,,,,,,,,,,,,,,
,,,,,,,,,,,,,,,,,,,,,,,,,
,,,,,,,,,,,,,,,,,,,,,,,,,
,,,,,,,,,,,,,,,,,,,,,,,,,
,,,,,,,,,,,,,,,,,,,,,,,,,
,,,,,,,,,,,,,,,,,,,,,,,,,
,,,,,,,,,,,,,,,,,,,,,,,,,
,,,,,,,,,,,,,,,,,,,,,,,,,
,,,,,,,,,,,,,,,,,,,,,,,,,
,,,,,,,,,,,,,,,,,,,,,,,,,
,,,,,,,,,,,,,,,,,,,,,,,,,
,,,,,,,,,,,,,,,,,,,,,,,,,
,,,,,,,,,,,,,,,,,,,,,,,,,
,,,,,,,,,,,,,,,,,,,,,,,,,
,,,,,,,,,,,,,,,,,,,,,,,,,
,,,,,,,,,,,,,,,,,,,,,,,,,
,,,,,,,,,,,,,,,,,,,,,,,,,
,,,,,,,,,,,,,,,,,,,,,,,,,
,,,,,,,,,,,,,,,,,,,,,,,,,
,,,,,,,,,,,,,,,,,,,,,,,,,
,,,,,,,,,,,,,,,,,,,,,,,,,
,,,,,,,,,,,,,,,,,,,,,,,,,
,,,,,,,,,,,,,,,,,,,,,,,,,
,,,,,,,,,,,,,,,,,,,,,,,,,
,,,,,,,,,,,,,,,,,,,,,,,,,
,,,,,,,,,,,,,,,,,,,,,,,,,
,,,,,,,,,,,,,,,,,,,,,,,,,
,,,,,,,,,,,,,,,,,,,,,,,,,
,,,,,,,,,,,,,,,,,,,,,,,,,
,,,,,,,,,,,,,,,,,,,,,,,,,
,,,,,,,,,,,,,,,,,,,,,,,,,
,,,,,,,,,,,,,,,,,,,,,,,,,
,,,,,,,,,,,,,,,,,,,,,,,,,
,,,,,,,,,,,,,,,,,,,,,,,,,
,,,,,,,,,,,,,,,,,,,,,,,,,
,,,,,,,,,,,,,,,,,,,,,,,,,
,,,,,,,,,,,,,,,,,,,,,,,,,
,,,,,,,,,,,,,,,,,,,,,,,,,
,,,,,,,,,,,,,,,,,,,,,,,,,
,,,,,,,,,,,,,,,,,,,,,,,,,
,,,,,,,,,,,,,,,,,,,,,,,,,
,,,,,,,,,,,,,,,,,,,,,,,,,
,,,,,,,,,,,,,,,,,,,,,,,,,
,,,,,,,,,,,,,,,,,,,,,,,,,
,,,,,,,,,,,,,,,,,,,,,,,,,
,,,,,,,,,,,,,,,,,,,,,,,,,
,,,,,,,,,,,,,,,,,,,,,,,,,
,,,,,,,,,,,,,,,,,,,,,,,,,
,,,,,,,,,,,,,,,,,,,,,,,,,
,,,,,,,,,,,,,,,,,,,,,,,,,
,,,,,,,,,,,,,,,,,,,,,,,,,
,,,,,,,,,,,,,,,,,,,,,,,,,
,,,,,,,,,,,,,,,,,,,,,,,,,
,,,,,,,,,,,,,,,,,,,,,,,,,
,,,,,,,,,,,,,,,,,,,,,,,,,
,,,,,,,,,,,,,,,,,,,,,,,,,
,,,,,,,,,,,,,,,,,,,,,,,,,
,,,,,,,,,,,,,,,,,,,,,,,,,
,,,,,,,,,,,,,,,,,,,,,,,,,
,,,,,,,,,,,,,,,,,,,,,,,,,
,,,,,,,,,,,,,,,,,,,,,,,,,
,,,,,,,,,,,,,,,,,,,,,,,,,
,,,,,,,,,,,,,,,,,,,,,,,,,
,,,,,,,,,,,,,,,,,,,,,,,,,
,,,,,,,,,,,,,,,,,,,,,,,,,
,,,,,,,,,,,,,,,,,,,,,,,,,
,,,,,,,,,,,,,,,,,,,,,,,,,
,,,,,,,,,,,,,,,,,,,,,,,,,
,,,,,,,,,,,,,,,,,,,,,,,,,
,,,,,,,,,,,,,,,,,,,,,,,,,
,,,,,,,,,,,,,,,,,,,,,,,,,
,,,,,,,,,,,,,,,,,,,,,,,,,
,,,,,,,,,,,,,,,,,,,,,,,,,
,,,,,,,,,,,,,,,,,,,,,,,,,
,,,,,,,,,,,,,,,,,,,,,,,,,
,,,,,,,,,,,,,,,,,,,,,,,,,
,,,,,,,,,,,,,,,,,,,,,,,,,
,,,,,,,,,,,,,,,,,,,,,,,,,
,,,,,,,,,,,,,,,,,,,,,,,,,
,,,,,,,,,,,,,,,,,,,,,,,,,
,,,,,,,,,,,,,,,,,,,,,,,,,
,,,,,,,,,,,,,,,,,,,,,,,,,
,,,,,,,,,,,,,,,,,,,,,,,,,
,,,,,,,,,,,,,,,,,,,,,,,,,
,,,,,,,,,,,,,,,,,,,,,,,,,
,,,,,,,,,,,,,,,,,,,,,,,,,
,,,,,,,,,,,,,,,,,,,,,,,,,
,,,,,,,,,,,,,,,,,,,,,,,,,
,,,,,,,,,,,,,,,,,,,,,,,,,
,,,,,,,,,,,,,,,,,,,,,,,,,
,,,,,,,,,,,,,,,,,,,,,,,,,
,,,,,,,,,,,,,,,,,,,,,,,,,
,,,,,,,,,,,,,,,,,,,,,,,,,
,,,,,,,,,,,,,,,,,,,,,,,,,
,,,,,,,,,,,,,,,,,,,,,,,,,
,,,,,,,,,,,,,,,,,,,,,,,,,
,,,,,,,,,,,,,,,,,,,,,,,,,
,,,,,,,,,,,,,,,,,,,,,,,,,
,,,,,,,,,,,,,,,,,,,,,,,,,
,,,,,,,,,,,,,,,,,,,,,,,,,
,,,,,,,,,,,,,,,,,,,,,,,,,
,,,,,,,,,,,,,,,,,,,,,,,,,
,,,,,,,,,,,,,,,,,,,,,,,,,
,,,,,,,,,,,,,,,,,,,,,,,,,
,,,,,,,,,,,,,,,,,,,,,,,,,
,,,,,,,,,,,,,,,,,,,,,,,,,
,,,,,,,,,,,,,,,,,,,,,,,,,
,,,,,,,,,,,,,,,,,,,,,,,,,
,,,,,,,,,,,,,,,,,,,,,,,,,
,,,,,,,,,,,,,,,,,,,,,,,,,
,,,,,,,,,,,,,,,,,,,,,,,,,
,,,,,,,,,,,,,,,,,,,,,,,,,
,,,,,,,,,,,,,,,,,,,,,,,,,
,,,,,,,,,,,,,,,,,,,,,,,,,
,,,,,,,,,,,,,,,,,,,,,,,,,
,,,,,,,,,,,,,,,,,,,,,,,,,
,,,,,,,,,,,,,,,,,,,,,,,,,
,,,,,,,,,,,,,,,,,,,,,,,,,
,,,,,,,,,,,,,,,,,,,,,,,,,
,,,,,,,,,,,,,,,,,,,,,,,,,
,,,,,,,,,,,,,,,,,,,,,,,,,
,,,,,,,,,,,,,,,,,,,,,,,,,
,,,,,,,,,,,,,,,,,,,,,,,,,
,,,,,,,,,,,,,,,,,,,,,,,,,
,,,,,,,,,,,,,,,,,,,,,,,,,
,,,,,,,,,,,,,,,,,,,,,,,,,
,,,,,,,,,,,,,,,,,,,,,,,,,
,,,,,,,,,,,,,,,,,,,,,,,,,
,,,,,,,,,,,,,,,,,,,,,,,,,
,,,,,,,,,,,,,,,,,,,,,,,,,
,,,,,,,,,,,,,,,,,,,,,,,,,
,,,,,,,,,,,,,,,,,,,,,,,,,
,,,,,,,,,,,,,,,,,,,,,,,,,
,,,,,,,,,,,,,,,,,,,,,,,,,
,,,,,,,,,,,,,,,,,,,,,,,,,
,,,,,,,,,,,,,,,,,,,,,,,,,
,,,,,,,,,,,,,,,,,,,,,,,,,
,,,,,,,,,,,,,,,,,,,,,,,,,
,,,,,,,,,,,,,,,,,,,,,,,,,
,,,,,,,,,,,,,,,,,,,,,,,,,
